0,-0.10058554367603309,0.09293777230214251,2.6480043093874217,0.5188064581616092,0.2549415542011827,-0.7033146478046958
1,-0.10042379806634154,0.09278832461716702,2.6471392957301885,0.5173810808382868,0.2536127406283909,-0.7032214956792269
2,-0.10026199205447067,0.09263882112254151,2.646269107514913,0.5159551712229482,0.2522837379526087,-0.7031286158954057
3,-0.10010012560657906,0.09248926178699764,2.6453938259702623,0.5145287290173672,0.2509545476143024,-0.7030360101522309
4,-0.09993819868880055,0.09233964657924415,2.644513530215084,0.5131017539230995,0.2496251710648157,-0.7029436801597687
5,-0.09977621126724315,0.09218997546796595,2.643628297329738,0.5116742456414731,0.24829560976644344,-0.7028516276392323
6,-0.0996141633079899,0.0920402484218249,2.642738202424527,0.5102462038735962,0.24696586519252195,-0.7027598543230684
7,-0.09945205477709824,0.09189046540945914,2.6418433187053405,0.5088176283203512,0.2456359388275079,-0.7026683619550386
8,-0.09928988564060078,0.09174062639948391,2.640943717536656,0.5073885186824012,0.2443058321670687,-0.702577152290306
9,-0.09912765586450388,0.09159073136049022,2.640039468502012,0.5059588746601791,0.24297554671815796,-0.7024862270955194
10,-0.0989653654147892,0.0914407802610462,2.63913063946209,0.5045286959538993,0.2416450839991126,-0.7023955881489
11,-0.09880301425741236,0.09129077306969596,2.6382172966104847,0.5030979822635469,0.2403144455397293,-0.7023052372403279
12,-0.0986406023583041,0.09114070975496062,2.637299504527304,0.5016667332888878,0.23898363288136137,-0.7022151761714299
13,-0.09847812968336905,0.09099059028533717,2.6363773262306665,0.5002349487294577,0.2376526475769976,-0.7021254067556676
14,-0.09831559619848694,0.09084041462929957,2.6354508232262197,0.4988026282845729,0.2363214911913601,-0.7020359308184262
15,-0.09815300186951134,0.09069018275529762,2.634520055554738,0.4973697716533197,0.2349901653009847,-0.7019467501971041
16,-0.09799034666227084,0.09053989463175809,2.633585081837919,0.4959363785345633,0.2336586714943199,-0.7018578667412035
17,-0.09782763054256761,0.09038955022708325,2.63264595932243,0.4945024486269369,0.23232701137180733,-0.7017692823124217
18,-0.09766485347617966,0.09023914950965314,2.631702743922308,0.49306798162886006,0.23099518654599127,-0.7016809987847435
19,-0.09750201542885753,0.09008869244782233,2.630755490259748,0.49163297723851085,0.2296631986415849,-0.7015930180445318
20,-0.09733911636632765,0.0899381790099232,2.6298042517044053,0.49019743515385483,0.22833104929559112,-0.7015053419906233
21,-0.09717615625428971,0.08978760916426333,2.628849080411218,0.4887613550726215,0.22699874015737448,-0.7014179725344218
22,-0.09701313505841838,0.08963698287912726,2.6278900273568517,0.4873247366923204,0.22566627288877156,-0.7013309115999928
23,-0.09685005274436201,0.08948630012277517,2.626927142374816,0.48588757971022856,0.22433364916417436,-0.7012441611241592
24,-0.09668690927774376,0.089335560863444,2.625960474189303,0.4844498838234016,0.22300087067063767,-0.7011577230565991
25,-0.09652370462416046,0.08918476506934632,2.624990070447804,0.48301164872866265,0.22166793910796595,-0.7010715993599411
26,-0.09636043874918365,0.08903391270867134,2.6240159777525656,0.4815728741226123,0.22033485618882082,-0.7009857920098637
27,-0.09619711161835838,0.08888300374958384,2.6230382416909155,0.4801335597016175,0.21900162363880915,-0.7009003029951945
28,-0.09603372319720477,0.0887320381602255,2.6220569068645303,0.47869370516182536,0.21766824319659622,-0.7008151343180087
29,-0.095870273451216,0.08858101590871316,2.621072016917654,0.477253310199146,0.2163347166139899,-0.7007302879937304
30,-0.09570676234586052,0.08842993696314079,2.620083614564356,0.47581237450927133,0.21500104565605943,-0.7006457660512336
31,-0.09554318984657942,0.08827880129157706,2.619091741614811,0.4743708977876523,0.21366723210121696,-0.7005615705329444
32,-0.09537955591878927,0.08812760886206804,2.618096439000706,0.4729288797295236,0.21233327774134286,-0.7004777034949454
33,-0.09521586052787957,0.08797635964263473,2.617097746799745,0.47148632002988133,0.21099918438186943,-0.700394167007076
34,-0.09505210363921456,0.0878250536012748,2.61609570425934,0.4700432183834992,0.2096649538419001,-0.7003109631530415
35,-0.09488828521813182,0.08767369070596133,2.615090349819484,0.46859957448491607,0.20833058795430376,-0.7002280940305151
36,-0.0947244052299435,0.08752227092464386,2.614081721134866,0.4671553880284463,0.20699608856583096,-0.7001455617512469
37,-0.09456046363993521,0.08737079422524742,2.6130698550962292,0.46571065870817063,0.2056614575372122,-0.7000633684411688
38,-0.09439646041336636,0.08721926057567284,2.612054787851032,0.46426538621793884,0.20432669674326892,-0.6999815162405046
39,-0.09423239551547072,0.08706766994379725,2.611036554823422,0.4628195702513751,0.20299180807302786,-0.6999000073038785
40,-0.0940682689114561,0.0869160222974738,2.610015190733546,0.46137321050187396,0.2016567934298264,-0.6998188438004248
41,-0.09390408056650289,0.0867643176045303,2.6089907296162287,0.4599263066625892,0.20032165473141406,-0.6997380279138979
42,-0.09373983044576677,0.08661255583277175,2.6079632048390557,0.4584788584264565,0.19898639391008438,-0.6996575618427863
43,-0.09357551851437611,0.08646073694997787,2.606932649119854,0.4570308654861709,0.19765101291276715,-0.6995774478004225
44,-0.09341114473743371,0.08630886092390479,2.6058990945436245,0.455582327534202,0.19631551370115635,-0.6994976880150992
45,-0.09324670908001555,0.08615692772228385,2.6048625725789227,0.45413324426278323,0.194979898251814,-0.6994182847301815
46,-0.09308221150717186,0.0860049373128226,2.603823114093728,0.4526836153639209,0.19364416855629452,-0.6993392402042241
47,-0.09291765198392599,0.08585288966320377,2.602780749370797,0.4512334405293845,0.19230832662125202,-0.6992605567110863
48,-0.09275303047527537,0.08570078474108611,2.601735508122554,0.4497827194507155,0.19097237446856558,-0.6991822365400508
49,-0.09258834694619088,0.08554862251410383,2.600687419505495,0.4483314518192206,0.1896363141354514,-0.6991042819959399
50,-0.09242360136161705,0.08539640294986685,2.5996365121341585,0.4468796373259751,0.1883001476745853,-0.6990266953992368
51,-0.09225879368647193,0.08524412601596056,2.598582814094657,0.44542727566182017,0.18696387715422036,-0.6989494790862048
52,-0.09209392388564731,0.08509179167994615,2.597526352957795,0.44397436651736655,0.18562750465831113,-0.6988726354090082
53,-0.09192899192400808,0.08493939990935988,2.5964671557917844,0.4425209095829869,0.1842910322866293,-0.6987961667358352
54,-0.09176399776639317,0.0847869506717141,2.595405249174575,0.44106690454882574,0.1829544621548957,-0.698720075451021
55,-0.09159894137761444,0.0846344439344961,2.594340659205808,0.43961235110478886,0.18161779639489478,-0.6986443639551708
56,-0.09143382272245788,0.08448187966516926,2.5932734115184166,0.43815724894055397,0.1802810371546097,-0.6985690346652869
57,-0.09126864176568183,0.08432925783117146,2.592203531289868,0.43670159774555534,0.17894418659833417,-0.6984940900148922
58,-0.09110339847201912,0.08417657839991696,2.5911310432530876,0.43524539720900235,0.17760724690681684,-0.6984195324541604
59,-0.09093809280617594,0.08402384133879544,2.5900559717070464,0.43378864701986936,0.1762702202773801,-0.6983453644500429
60,-0.09077272473283049,0.08387104661517068,2.58897834052703,0.43233134686688446,0.17493310892403935,-0.6982715884863966
61,-0.0906072942166363,0.08371819419638374,2.5878981731746378,0.43087349643855816,0.17359591507765926,-0.6981982070641171
62,-0.09044180122221822,0.0835652840497491,2.586815492707448,0.4294150954231481,0.17225864098605298,-0.6981252227012673
63,-0.09027624571417595,0.08341231614255804,2.585730321788442,0.4279561435086907,0.17092128891414338,-0.6980526379332115
64,-0.09011062765708137,0.08325929044207614,2.584642682695128,0.42649664038297674,0.1695838611440746,-0.6979804553127487
65,-0.0899449470154803,0.08310620691554485,2.5835525973284237,0.4250365857335675,0.16824635997536086,-0.6979086774102465
66,-0.08977920375389116,0.08295306553018039,2.582460087221265,0.4235759792477829,0.16690878772501166,-0.6978373068137773
67,-0.08961339783680612,0.08279986625317465,2.581365173546994,0.4221148206127115,0.1655711467276777,-0.6977663461292549
68,-0.08944752922868995,0.08264660905169424,2.5802678771274876,0.42065310951520035,0.16423343933577894,-0.6976957979805722
69,-0.0892815978939811,0.08249329389288146,2.5791682184410765,0.4191908456418646,0.16289566791965293,-0.6976256650097405
70,-0.08911560379709041,0.08233992074385305,2.5780662176302247,0.41772802867907605,0.16155783486768416,-0.6975559498770287
71,-0.08894954690240277,0.08218648957170184,2.576961894509016,0.41626465831297776,0.16021994258645855,-0.6974866552611061
72,-0.088783427174275,0.08203300034349467,2.575855268570411,0.4148007342294655,0.1588819935008891,-0.6974177838591826
73,-0.08861724457703805,0.08187945302627452,2.574746358993327,0.4133362561142074,0.15754399005437675,-0.6973493383871543
74,-0.08845099907499493,0.08172584758705849,2.573635184649503,0.4118712236526245,0.1562059347089379,-0.697281321579746
75,-0.0882846906324224,0.08157218399283951,2.5725217641101947,0.41040563652990764,0.1548678299453652,-0.6972137361906594
76,-0.08811831921356912,0.08141846221058449,2.5714061156526733,0.40893949443099886,0.1535296782633575,-0.6971465849927172
77,-0.08795188478265799,0.08126468220723655,2.5702882572665655,0.40747279704061395,0.15219148218168865,-0.6970798707780135
78,-0.08778538730388372,0.08111084394971275,2.569168206660006,0.40600554404322015,0.15085324423833651,-0.697013596358062
79,-0.08761882674141458,0.08095694740490576,2.5680459812656395,0.40453773512305174,0.14951496699064742,-0.6969477645639466
80,-0.08745220305939115,0.08080299253968264,2.566921598246453,0.40306936996409864,0.14817665301547756,-0.6968823782464733
81,-0.08728551622192723,0.08064897932088572,2.5657950745014633,0.40160044825011526,0.1468383049093539,-0.6968174402763226
82,-0.08711876619310911,0.08049490771533185,2.5646664266712444,0.4001309696646132,0.14549992528862177,-0.696752953544204
83,-0.08695195293699641,0.08034077768981332,2.5635356711433235,0.3986609338908691,0.14416151678960698,-0.6966889209610113
84,-0.08678507641762068,0.08018658921109646,2.5624028240574184,0.3971903406119124,0.14282308206876138,-0.6966253454579785
85,-0.08661813659898686,0.08003234224592301,2.5612679013105586,0.3957191895105379,0.14148462380283233,-0.6965622299868387
86,-0.086451133445072,0.07987803676100891,2.5601309185620575,0.39424748026929485,0.1401461446890111,-0.6964995775199814
87,-0.08628406691982643,0.07972367272304544,2.5589918912383727,0.3927752125704964,0.13880764744510227,-0.6964373910506143
88,-0.0861169369871725,0.07956925009869803,2.5578508345378244,0.39130238609621,0.1374691348096766,-0.6963756735929247
89,-0.08594974361100574,0.07941476885460734,2.5567077634352096,0.38982900052826613,0.13613060954224127,-0.6963144281822409
90,-0.08578248675519373,0.07926022895738816,2.555562692686291,0.3883550555482491,0.1347920744233957,-0.6962536578751977
91,-0.08561516638357701,0.07910563037363036,2.554415636832176,0.386880550837505,0.13345353225500467,-0.6961933657499009
92,-0.08544778245996848,0.07895097306989818,2.5532666102035813,0.3854054860771364,0.13211498586035936,-0.6961335549060945
93,-0.08528033494815361,0.07879625701273063,2.5521156269249974,0.38392986094800413,0.1307764380843472,-0.6960742284653283
94,-0.08511282381189042,0.07864148216864127,2.550962700918749,0.3824536751307268,0.12943789179362103,-0.6960153895711271
95,-0.08494524901490905,0.07848664850411793,2.549807845908944,0.38097692830567786,0.12809934987676652,-0.695957041389161
96,-0.08477761052091239,0.07833175598562327,2.548651075425347,0.3794996201529902,0.1267608152444784,-0.6958991871074182
97,-0.0846099082935758,0.0781768045795945,2.5474924028071335,0.3780217503525543,0.12542229082973183,-0.6958418299363773
98,-0.08444214229654656,0.07802179425244288,2.546331841206569,0.376543318584013,0.12408377958795269,-0.6957849731091819
99,-0.08427431249344489,0.07786672497055468,2.5451694035925967,0.37506432452677096,0.1227452844972014,-0.6957286198818171
100,-0.08410641884786271,0.07771159670029003,2.5440051027543302,0.3735847678599833,0.12140680855834046,-0.6956727735332866
101,-0.08393846132336476,0.0775564094079839,2.542838951304472,0.3721046482625655,0.12006835479522171,-0.6956174373657904
102,-0.08377043988348791,0.07740116305994559,2.5416709616826445,0.3706239654131876,0.11872992625486112,-0.6955626147049059
103,-0.08360235449174087,0.07724585762245831,2.5405011461586424,0.36914271899027157,0.11739152600761771,-0.6955083088997686
104,-0.08343420511160528,0.07709049306178027,2.539329516835614,0.36766090867200035,0.11605315714738468,-0.6954545233232552
105,-0.08326599170653459,0.07693506934414367,2.538156085653154,0.36617853413630913,0.11471482279176565,-0.6954012613721678
106,-0.08309771423995414,0.07677958643575471,2.536980864390337,0.3646955950608848,0.11337652608225945,-0.6953485264674188
107,-0.08292937267526201,0.07662404430279439,2.535803864668678,0.3632120911231745,0.112038270184455,-0.695296322054219
108,-0.08276096697582774,0.07646844291141736,2.534625097955012,0.36172802200037335,0.11070005828820878,-0.6952446516022641
109,-0.08259249710499358,0.07631278222775306,2.5334445755643245,0.3602433873694365,0.10936189360784487,-0.695193518605927
110,-0.08242396302607327,0.07615706221790458,2.532262308662503,0.35875818690706746,0.10802377938233643,-0.6951429265844464
111,-0.08225536470235312,0.07600128284794964,2.5310783082690342,0.3572724202897283,0.1066857188755071,-0.695092879082122
112,-0.08208670209709087,0.07584544408393963,2.5298925852596312,0.35578608719362914,0.10534771537621568,-0.6950433796685058
113,-0.08191797517351673,0.07568954589190043,2.5287051503688076,0.3542991872947374,0.10400977219856022,-0.6949944319386006
114,-0.0817491838948325,0.07553358823783168,2.5275160141923925,0.3528117202687705,0.10267189268206817,-0.6949460395130544
115,-0.0815803282242125,0.07537757108770769,2.526325187189986,0.35132368579120327,0.10133408019190177,-0.694898206038361
116,-0.0814114081248021,0.07522149440747596,2.5251326796873586,0.3498350835372558,0.09999633811904696,-0.6948509351870586
117,-0.08124242355971925,0.07506535816305866,2.5239385018788036,0.34834591318190616,0.09865866988052635,-0.6948042306579316
118,-0.08107337449205318,0.07490916232035148,2.522742663829428,0.34685617439987965,0.09732107891959235,-0.6947580961762132
119,-0.08090426088486548,0.0747529068452245,2.5215451754774016,0.34536586686565796,0.09598356870593994,-0.6947125354937912
120,-0.080735082701189,0.07459659170352127,2.520346046636149,0.3438749902534692,0.09464614273590372,-0.6946675523894117
121,-0.08056583990402888,0.07444021686105977,2.5191452869964994,0.3423835442372977,0.0933088045326736,-0.6946231506688884
122,-0.08039653245636147,0.07428378228363132,2.5179429061287824,0.3408915284908738,0.09197155764649545,-0.6945793341653106
123,-0.08022716032113536,0.07412728793700164,2.5167389134848883,0.3393989426876833,0.09063440565488928,-0.6945361067392537
124,-0.08005772346127027,0.07397073378690976,2.5155333184002697,0.3379057865009576,0.0892973521628525,-0.6944934722789917
125,-0.07988822183965788,0.07381411979906878,2.514326130095917,0.3364120596036809,0.08796040080308049,-0.69445143470071
126,-0.07971865541916172,0.07365744593916583,2.5131173576802763,0.33491776166858944,0.08662355523617993,-0.694409997948721
127,-0.0795490241626167,0.07350071217286155,2.5119070101511354,0.33342289236816725,0.08528681915088238,-0.69436916599568
128,-0.07937932803282897,0.07334391846579005,2.510695096397461,0.33192745137464497,0.08395019626426131,-0.6943289428428042
129,-0.07920956699257686,0.07318706478355973,2.50948162520121,0.3304314383600078,0.0826136903219582,-0.6942893325200916
130,-0.07903974100460959,0.07303015109175205,2.5082666052390885,0.3289348529959846,0.08127730509839498,-0.6942503390865429
131,-0.07886985003164845,0.07287317735592273,2.507050045084285,0.3274376949540582,0.07994104439700539,-0.6942119666303835
132,-0.07869989403638551,0.0727161435416004,2.5058319532081574,0.32593996390545377,0.07860491205044884,-0.6941742192692884
133,-0.07852987298148538,0.07255904961428844,2.5046123379818974,0.3244416595211545,0.07726891192085111,-0.6941371011506083
134,-0.07835978682958256,0.07240189553946229,2.503391207678141,0.3229427814718783,0.07593304790001038,-0.6941006164515966
135,-0.07818963554328444,0.0722446812825724,2.502168570472571,0.32144332942810416,0.07459732390964996,-0.6940647693796387
136,-0.07801941908516855,0.07208740680904167,2.5009444344454597,0.3199433030600479,0.07326174390162749,-0.6940295641724826
137,-0.0778491374177848,0.07193007208426738,2.4997188075832066,0.31844270203768216,0.07192631185818482,-0.6939950050984716
138,-0.07767879050365352,0.07177267707361958,2.498491697779817,0.3169415260307184,0.0705910317921663,-0.6939610964567768
139,-0.07750837830526677,0.07161522174244211,2.4972631128383744,0.31543977470861934,0.06925590774726437,-0.693927842577635
140,-0.07733790078508793,0.07145770605605237,2.496033060472474,0.3139374477405949,0.06792094379825403,-0.6938952478225826
141,-0.07716735790555113,0.07130012997974072,2.494801548307616,0.31243454479559724,0.06658614405122654,-0.6938633165846968
142,-0.07699674962906226,0.07114249347877143,2.493568583882596,0.3109310655423297,0.06525151264383744,-0.693832053288835
143,-0.07682607591799784,0.07098479651838163,2.4923341746508383,0.30942700964923664,0.06391705374553963,-0.693801462391876
144,-0.07665533673470593,0.07082703906378213,2.491098327981731,0.3079223767845116,0.0625827715578342,-0.6937715483829641
145,-0.07648453204150553,0.07066922108015694,2.4898610511619115,0.30641716661609236,0.061248670314510756,-0.6937423157837541
146,-0.07631366180068676,0.07051134253266332,2.4886223513965384,0.30491137881166175,0.05991475428189513,-0.6937137691486586
147,-0.07614272597451074,0.07035340338643181,2.4873822358105393,0.30340501303864753,0.05858102775909724,-0.6936859130650941
148,-0.07597172452520982,0.07019540360656631,2.4861407114498255,0.30189806896422333,0.05724749507826221,-0.6936587521537336
149,-0.07580065741498689,0.0700373431581435,2.4848977852824925,0.30039054625530365,0.055914160604817076,-0.6936322910687567
150,-0.07562952460601635,0.0698792220062138,2.4836534641999894,0.2988824445785518,0.054581028737731074,-0.6936065344981022
151,-0.075458326060443,0.06972104011580021,2.4824077550182735,0.29737376360037016,0.05324810390976209,-0.6935814871637243
152,-0.07528706174038315,0.06956279745189942,2.4811606644789337,0.29586450298690997,0.05191539058772093,-0.6935571538218476
153,-0.07511573160792336,0.06940449397948067,2.4799121992502995,0.29435466240406066,0.0505828932727207,-0.6935335392632264
154,-0.07494433562512179,0.06924612966348692,2.4786623659285274,0.29284424151746097,0.04925061650044538,-0.6935106483134026
155,-0.07477287375400618,0.06908770446883304,2.4774111710386566,0.29133323999248173,0.04791856484139656,-0.6934884858329686
156,-0.07460134595657684,0.06892921836040856,2.4761586210356703,0.28982165749425215,0.046586742901179035,-0.6934670567178292
157,-0.07442975219480324,0.0687706713030745,2.474904722305501,0.2883094936876295,0.04525515532073843,-0.6934463658994652
158,-0.07425809243062681,0.06861206326166595,2.473649481166052,0.2867967482372239,0.04392380677664931,-0.693426418345201
159,-0.07408636662595869,0.06845339420099009,2.4723929038681685,0.2852834208073788,0.04259270198136511,-0.6934072190584717
160,-0.07391457474268148,0.06829466408582764,2.471134996596619,0.28376951106218595,0.041261845683501386,-0.6933887730790917
161,-0.07374271674264783,0.06813587288093172,2.469875765471036,0.2822550186654733,0.039931242668094946,-0.6933710854835263
162,-0.07357079258768161,0.0679770205510288,2.4686152165468536,0.28073994328081486,0.0386008977568858,-0.693354161385163
163,-0.07339880223957668,0.06781810706081767,2.4673533558162184,0.2792242845715207,0.0372708158085816,-0.693338005934587
164,-0.0732267456600981,0.0676591323749705,2.4660901892088924,0.2777080422006466,0.03594100171914255,-0.6933226243198554
165,-0.07305462281098073,0.0675000964581315,2.4648257225931274,0.2761912158309824,0.0346114604220471,-0.6933080217667749
166,-0.0728824336539311,0.06734099927491878,2.4635599617765416,0.27467380512506845,0.03328219688858636,-0.6932942035391804
167,-0.07271017815062467,0.0671818407899217,2.462292912506954,0.2731558097451709,0.031953216128121964,-0.6932811749392159
168,-0.07253785626270877,0.06702262096770367,2.4610245804732367,0.27163722935330836,0.030624523188391206,-0.693268941307615
169,-0.07236546795180045,0.06686333977280005,2.4597549713061193,0.27011806361123253,0.029296123155773846,-0.6932575080239854
170,-0.07219301317948747,0.06670399716971921,2.4584840905790015,0.26859831218043684,0.02796802115558439,-0.6932468805070935
171,-0.0720204919073275,0.06654459312294166,2.457211943808742,0.26707797472214956,0.02664022235235236,-0.6932370642151502
172,-0.07184790409684919,0.06638512759692114,2.455938536456431,0.2655570508973436,0.025312731950119127,-0.6932280646461
173,-0.07167524970955072,0.06622560055608322,2.454663873928158,0.26403554036672283,0.023985555192715113,-0.6932198873379096
174,-0.07150252870690176,0.06606601196482711,2.4533879615757583,0.2625134427907401,0.02265869736406667,-0.6932125378688593
175,-0.07132974105034066,0.06590636178752314,2.452110804697544,0.26099075782957254,0.021332163788466973,-0.6932060218578352
176,-0.07115688670127768,0.0657466499885156,2.4508324085390383,0.2594674851431491,0.020005959830894038,-0.6932003449646229
177,-0.07098396562109162,0.06558687653211978,2.449552778293669,0.2579436243911222,0.018680090897281065,-0.6931955128902041
178,-0.07081097777113297,0.06542704138262478,2.4482719191034836,0.25641917523289415,0.017354562434836962,-0.6931915313770517
179,-0.07063792311272116,0.06526714450429102,2.446989836059821,0.25489413732759386,0.016029379932323784,-0.6931884062094293
180,-0.0704648016071468,0.06510718586135229,2.4457065342039943,0.2533685103340964,0.014704548920373539,-0.693186143213691
181,-0.07029161321566964,0.06494716541801382,2.4444220185279457,0.25184229391100466,0.013380074971773903,-0.6931847482585817
182,-0.07011835789952016,0.06478708313845388,2.443136293974904,0.2503154877166636,0.012055963701782302,-0.6931842272555404
183,-0.06994503561989836,0.0646269389868225,2.4418493654400173,0.24878809140914965,0.010732220768421175,-0.6931845861590031
184,-0.06977164633797475,0.06446673292724252,2.4405612377709875,0.24726010464627934,0.009408851872790613,-0.6931858309667096
185,-0.06959819001488902,0.06430646492380825,2.439271915768683,0.24573152708559762,0.008085862759364904,-0.6931879677200085
186,-0.0694246666117523,0.06414613494058764,2.4379814041877546,0.24420235838439772,0.006763259216317208,-0.6931910025041661
187,-0.06925107608964384,0.06398574294161921,2.4366897077372185,0.24267259819969192,0.005441047075804117,-0.6931949414486756
188,-0.06907741840961404,0.06382528889091477,2.43539683108106,0.2411422461882382,0.004119232214298607,-0.6931997907275668
189,-0.0689036935326823,0.06366477275245751,2.4341027788387954,0.23961130200652156,0.0027978205528861877,-0.6932055565597187
190,-0.06872990141983883,0.06350419449020367,2.4328075555860535,0.23807976531076963,0.0014768180575908674,-0.6932122452091722
191,-0.06855604203204267,0.06334355406808068,2.431511165855124,0.23654763575693535,0.00015623073967480083,-0.6932198629854445
192,-0.06838211533022345,0.06318285144998875,2.430213614135512,0.2350149130007125,-0.0011639353440330846,-0.6932284162438433
193,-0.06820812127527945,0.0630220865997992,2.4289149048744703,0.23348159669751858,-0.0024836740908354416,-0.6932379113857857
194,-0.06803405982808004,0.0628612594813566,2.4276150424775453,0.23194768650251638,-0.003802979351829716,-0.6932483548591138
195,-0.06785993094946313,0.06270037005847641,2.426314031309082,0.2304131820705912,-0.00512184493160972,-0.6932597531584141
196,-0.06768573460023676,0.06253941829494658,2.42501187569275,0.22887808305636556,-0.006440264587932509,-0.6932721128253378
197,-0.06751147074117908,0.06237840415452737,2.4237085799120477,0.22734238911419818,-0.0077582320313984154,-0.6932854404489218
198,-0.06733713933303663,0.06221732760094987,2.4224041482107888,0.2258060998981695,-0.00907574092514185,-0.6932997426659093
199,-0.06716274033652633,0.06205618859791779,2.421098584793606,0.2242692150620987,-0.0103927848844933,-0.6933150261610743
200,-0.06698827371233493,0.061894987109106944,2.419791893826428,0.22273173425953913,-0.01170935747665991,-0.6933312976675452
201,-0.0668137394211178,0.06173372309816421,2.4184840794369444,0.22119365714376793,-0.013025452220408906,-0.693348563967129
202,-0.06663913742350054,0.06157239652870889,2.4171751457150847,0.21965498336779926,-0.014341062585731146,-0.6933668318906374
203,-0.0664644676800776,0.061411007364331555,2.4158650967134685,0.21811571258437337,-0.015656181993523588,-0.6933861083182131
204,-0.06628973015141343,0.06124955556859503,2.41455393644786,0.2165758444459658,-0.016970803815254176,-0.6934064001796582
205,-0.06611492479804126,0.061088041105033325,2.4132416688976117,0.2150353786047773,-0.018284921372642204,-0.6934277144547603
206,-0.06594005158046418,0.060926463937152536,2.4119282980061016,0.2134943147127424,-0.01959852793732242,-0.6934500581736236
207,-0.06576511045915437,0.060764824028430274,2.410613827681165,0.21195265242152397,-0.0209116167305195,-0.693473438416997
208,-0.06559010139455351,0.06060312134231594,2.409298261795517,0.2104103913825156,-0.022224180922716497,-0.6934978623166048
209,-0.06541502434707211,0.06044135584223012,2.407981604187167,0.2088675312468363,-0.023536213633328196,-0.6935233370554778
210,-0.06523987927709034,0.06027952749156538,2.4066638586598352,0.20732407166533776,-0.024847707930363505,-0.6935498698682843
211,-0.06506466614495754,0.060117636253685804,2.4053450289833527,0.2057800122886001,-0.02615865683009705,-0.6935774680416618
212,-0.06488938491099187,0.059955682091926664,2.404025118894059,0.20423535276692847,-0.02746905329674021,-0.69360613891455
213,-0.06471403553548101,0.059793664969595046,2.4027041320951974,0.20269009275035946,-0.028778890242102173,-0.6936358898785238
214,-0.0645386179786818,0.05963158484996959,2.4013820722572987,0.20114423188865782,-0.030088160525260477,-0.6936667283781247
215,-0.06436313220081968,0.05946944169629989,2.4000589430185597,0.199597769831312,-0.0313968569522301,-0.6936986619111964
216,-0.06418757816208964,0.0593072354718074,2.39873474798522,0.19805070622754148,-0.03270497227562491,-0.6937316980292179
217,-0.06401195582265551,0.059144966139684785,2.3974094907319317,0.19650304072629146,-0.03401249919432697,-0.6937658443376362
218,-0.06383626514265013,0.05898263366309612,2.396083174802117,0.19495477297623434,-0.03531943035315216,-0.6938011084962024
219,-0.06366050608217545,0.05882023800517688,2.3947558037083323,0.19340590262576968,-0.036625758342515635,-0.6938374982193036
220,-0.06348467860130194,0.05865777912903347,2.393427380932615,0.19185642932302008,-0.0379314756981009,-0.6938750212762999
221,-0.0633087826600694,0.05849525699774398,2.3920979099268336,0.19030635271583768,-0.03923657490052074,-0.6939136854918555
222,-0.06313281821848632,0.05833267157435755,2.390767394113029,0.18875567245179886,-0.040541048374987065,-0.693953498746275
223,-0.06295678523653024,0.05817002282189473,2.38943583688375,0.18720438817820698,-0.041844888490975174,-0.6939944689758364
224,-0.06278068367414706,0.05800731070334684,2.3881032416023853,0.1856524995420869,-0.04314808756189453,-0.6940366041731251
225,-0.06260451349125205,0.05784453518167687,2.386769611603492,0.18410000619019326,-0.044450637844748175,-0.6940799123873665
226,-0.06242827464772863,0.05768169621981842,2.3854349501931136,0.18254690776900015,-0.04575253153980896,-0.6941244017247601
227,-0.06225196710342941,0.05751879378067661,2.3840992606491023,0.1809932039247103,-0.0470537607902789,-0.6941700803488109
228,-0.062075590818175375,0.05735582782712734,2.3827625462214277,0.17943889430324744,-0.04835431768196363,-0.6942169564806626
229,-0.06189914575175677,0.05719279832201808,2.381424810132489,0.1778839785502646,-0.04965419424293427,-0.694265038399428
230,-0.061722631863931746,0.057029705228166694,2.3800860555774137,0.176328456311132,-0.050953382443206574,-0.6943143344425204
231,-0.06154604911442735,0.05686654850836228,2.378746285724358,0.17477232723094563,-0.05225187419440386,-0.6943648530059832
232,-0.06136939746293891,0.05670332812536461,2.377405503714804,0.17321559095452202,-0.05354966134943223,-0.6944166025448191
233,-0.06119267686913114,0.05654004404190522,2.376063712663852,0.17165824712640806,-0.05484673570214432,-0.6944695915733184
234,-0.06101588729263629,0.056376696220685606,2.3747209156604994,0.17010029539086421,-0.0561430889870258,-0.6945238286653864
235,-0.060839028693055776,0.05621328462437879,2.373377115767932,0.16854173539187967,-0.057438712878856935,-0.6945793224548693
236,-0.060662101029958906,0.056049809215628126,2.3720323160237946,0.16698256677316017,-0.05873359899239766,-0.6946360816358788
237,-0.060485104262883845,0.0558862699570482,2.3706865194404734,0.1654227891781374,-0.06002773888205637,-0.6946941149631162
238,-0.06030803835133711,0.05572266681122434,2.369339729005359,0.16386240224996398,-0.061321124041571584,-0.6947534312521944
239,-0.06013090325479304,0.05555899974071217,2.3679919476811166,0.16230140563150902,-0.062613745903695,-0.6948140393799591
240,-0.05995369893269513,0.05539526870803878,2.366643178405953,0.16073979896536972,-0.06390559583986294,-0.6948759482848068
241,-0.059776425344455035,0.055231473675701866,2.3652934240938697,0.1591775818938628,-0.06519666515988543,-0.6949391669670034
242,-0.05959908244945126,0.05506761460616849,2.363942687634915,0.15761475405901287,-0.06648694511164077,-0.6950037044890001
243,-0.05942167020703279,0.05490369146187843,2.3625909718954534,0.1560513151025842,-0.06777642688073521,-0.6950695699757456
244,-0.05924418857651514,0.05473970420524055,2.3612382797183935,0.1544872646660463,-0.0690651015902195,-0.695136772615
245,-0.05906663751718282,0.05457565279863506,2.359884613923448,0.15292260239059546,-0.07035296030026156,-0.6952053216576424
246,-0.05888901698828792,0.05441153720441221,2.3585299773073674,0.15135732791714218,-0.07163999400784943,-0.6952752264179799
247,-0.058711326949051075,0.054247357384893204,2.357174372644183,0.1497914408863197,-0.07292619364647934,-0.6953464962740521
248,-0.058533567358660964,0.054083113302369694,2.3558178026854413,0.1482249409384797,-0.07421155008585645,-0.6954191406679333
249,-0.05835573817627394,0.05391880491910349,2.3544602701604327,0.1466578277136892,-0.07549605413159732,-0.6954931691060332
250,-0.05817783936101458,0.05375443219732702,2.353101777776424,0.14509010085173485,-0.07677969652492939,-0.6955685911593938
251,-0.057999870871976084,0.05358999509924374,2.3517423282188883,0.1435217599921271,-0.07806246794239308,-0.6956454164639837
252,-0.05782183266821827,0.053425493587026245,2.350381924151714,0.14195280477408193,-0.07934435899556525,-0.69572365472099
253,-0.05764372470876991,0.05326092762281846,2.349020568217441,0.14038323483654203,-0.08062536023075345,-0.6958033156971062
254,-0.05746554695262735,0.05309629716873433,2.347658263037466,0.1388130498181641,-0.08190546212872146,-0.6958844092248175
255,-0.057287299358754956,0.05293160218685828,2.346295011212263,0.13724224935732304,-0.08318465510440415,-0.6959669452026824
256,-0.05710898188608447,0.05276684263924456,2.3449308153215878,0.13567083309210645,-0.08446292950663359,-0.6960509335956113
257,-0.056930594493516035,0.05260201848791825,2.3435656779246954,0.1340988006603232,-0.08574027561785796,-0.6961363844351396
258,-0.05675213713991694,0.052437129694874046,2.3421996015605355,0.1325261516994929,-0.08701668365387916,-0.6962233078197004
259,-0.05657360978412268,0.052272176222077305,2.3408325887479635,0.13095288584685474,-0.08829214376357908,-0.6963117139148896
260,-0.056395012384936244,0.05210715803146331,2.3394646419859355,0.1293790027393616,-0.08956664602866204,-0.6964016129537286
261,-0.05621634490112836,0.051942075084937554,2.3380957637537088,0.12780450201368193,-0.0908401804633946,-0.6964930152369238
262,-0.05603760729143748,0.05177692734437573,2.336725956511035,0.12622938330619998,-0.09211273701435191,-0.6965859311331187
263,-0.0558587995145694,0.05161171477162331,2.3353552226983525,0.12465364625301198,-0.09338430556017158,-0.6966803710791447
264,-0.055679921529197346,0.051446437328495714,2.3339835647369758,0.12307729048992724,-0.09465487591130817,-0.6967763455802645
265,-0.055500973293962926,0.05128109497677913,2.3326109850292878,0.12150031565247643,-0.0959244378097871,-0.6968738652104113
266,-0.05532195476747426,0.0511156876782288,2.3312374859589156,0.11992272137589507,-0.09719298092898382,-0.696972940612425
267,-0.055142865908307664,0.05095021539457059,2.3298630698909233,0.1183445072951386,-0.09846049487338226,-0.6970735824982788
268,-0.05496370667500605,0.05078467808749951,2.3284877391719814,0.11676567304486779,-0.09972696917836305,-0.6971758016493053
269,-0.05478447702608144,0.050619075718681995,2.32711149613056,0.11518621825947131,-0.10099239330996751,-0.6972796089164122
270,-0.054605176920010816,0.05045340824975214,2.325734343077083,0.11360614257302917,-0.10225675666471506,-0.6973850152202965
271,-0.05442580631524051,0.050287675642315705,2.3243562823041235,0.11202544561935113,-0.10352004856936559,-0.697492031551649
272,-0.054246365170183296,0.05012187785794745,2.3229773160865608,0.1104441270319513,-0.10478225828074073,-0.6976006689713553
273,-0.05406685344321955,0.04995601485819218,2.321597446681755,0.10886218644405826,-0.10604337498552174,-0.6977109386106886
274,-0.05388727109269658,0.04979008660456418,2.320216676329711,0.10727962348860914,-0.1073033878000676,-0.6978228516714975
275,-0.05370761807692895,0.04962409305854745,2.3188350072532464,0.10569643779825247,-0.10856228577023225,-0.6979364194263853
276,-0.05352789435419865,0.04945803418159591,2.3174524416581526,0.10411262900534998,-0.10982005787119054,-0.6980516532188833
277,-0.05334809988275487,0.049291909935133174,2.3160689817333573,0.102528196741974,-0.11107669300727419,-0.6981685644636169
278,-0.05316823462081347,0.049125720280552045,2.3146846296510777,0.1009431406399034,-0.11233218001181627,-0.6982871646464641
279,-0.05298829852655784,0.04895946517921534,2.3132993875669854,0.09935746033063078,-0.1135865076469953,-0.6984074653247061
280,-0.05280829155813827,0.04879314459245528,2.311913257620355,0.09777115544535714,-0.11483966460369577,-0.6985294781271706
281,-0.05262821367367238,0.048626758481573926,2.31052624193422,0.09618422561499543,-0.11609163950137091,-0.6986532147543667
282,-0.05244806483124363,0.04846030680784173,2.309138342615519,0.09459667047015771,-0.11734242088792585,-0.6987786869786119
283,-0.0522678449889043,0.048293789532500395,2.3077495617552555,0.09300848964118125,-0.11859199723957947,-0.6989059066441485
284,-0.052087554104672154,0.04812720661675967,2.3063599014286336,0.09141968275809914,-0.11984035696077738,-0.6990348856672555
285,-0.05190719213653218,0.04796055802179907,2.3049693636952084,0.08983024945065551,-0.1210874883840804,-0.6991656360363477
286,-0.051726759042436454,0.04779384370876767,2.3035779505990295,0.0882401893483046,-0.12233337977007341,-0.6992981698120668
287,-0.05154625478030394,0.04762706363878397,2.3021856641687872,0.08664950208020883,-0.12357801930728568,-0.699432499127363
288,-0.051365679308019926,0.04746021777293533,2.3007925064179418,0.08505818727523384,-0.12482139511212237,-0.6995686361875677
289,-0.05118503258343707,0.04729330607227899,2.299398479344875,0.08346624456195764,-0.12606349522879556,-0.6997065932704556
290,-0.05100431456437402,0.04712632849784074,2.2980035849330163,0.08187367356865868,-0.12730430762928152,-0.6998463827262958
291,-0.050823525208617146,0.04695928501061658,2.296607825150987,0.08028047392333071,-0.1285438202132676,-0.699988016977894
292,-0.050642664473918464,0.04679217557157073,2.2952112019527267,0.07868664525366512,-0.12978202080813567,-0.700131508520623
293,-0.05046173231799722,0.04662500014163714,2.2938137172776285,0.0770921871870642,-0.13101889716893134,-0.7002768699224426
294,-0.050280728698539084,0.04645775868171875,2.2924153730506722,0.07549709935063437,-0.13225443697836126,-0.7004241138239082
295,-0.0500996535731966,0.04629045115268791,2.2910161711825463,0.07390138137119034,-0.13348862784679233,-0.7005732529381676
296,-0.04991850689958786,0.04612307751538507,2.28961611356978,0.07230503287524295,-0.13472145731227603,-0.7007243000509478
297,-0.049737288635298846,0.045955637730621106,2.2882152020948716,0.07070805348902029,-0.13595291284055872,-0.7008772680205252
298,-0.04955599873788075,0.04578813175917468,2.286813438626405,0.06911044283844392,-0.13718298182513872,-0.7010321697776911
299,-0.04937463716485249,0.045620559561794644,2.285410825019185,0.06751220054915058,-0.1384116515873013,-0.7011890183256961
300,-0.04919320387369794,0.04545292109919748,2.284007363114342,0.06591332624646856,-0.13963890937620116,-0.701347826740189
301,-0.0490116988218682,0.04528521633206939,2.2826030547394667,0.06431381955543722,-0.14086474236892477,-0.701508608169137
302,-0.048830121966781014,0.04511744522106576,2.2811979017087247,0.06271368010080194,-0.14208913767058517,-0.7016713758327358
303,-0.04864847326581954,0.04494960772681001,2.279791905822967,0.06111290750700346,-0.14331208231443465,-0.7018361430233059
304,-0.0484667526763338,0.044781703809894956,2.2783850688698584,0.059511501398190336,-0.14453356326197392,-0.7020029231051728
305,-0.04828496015563989,0.04461373343088205,2.2769773926239796,0.05790946139821215,-0.14575356740308976,-0.7021717295145349
306,-0.048103095661020265,0.04444569655030166,2.27556887884695,0.05630678713062198,-0.1469720815562005,-0.7023425757593162
307,-0.047921159149723114,0.04427759312865251,2.274159529287533,0.05470347821867136,-0.1481890924684225,-0.7025154754190044
308,-0.04773915057896333,0.04410942312640255,2.2727493456817514,0.053099534285317856,-0.14940458681574087,-0.7026904421444724
309,-0.04755706990592134,0.0439411865039879,2.271338329752994,0.051494954953215544,-0.1506185512032105,-0.7028674896577873
310,-0.04737491708774421,0.04377288322181383,2.2699264832121253,0.04988973984472464,-0.15183097216515634,-0.7030466317520008
311,-0.047192692081544314,0.04360451324025357,2.2685138077575915,0.04828388858189936,-0.15304183616540762,-0.7032278822909248
312,-0.0470103948444012,0.04343607651965002,2.2671003050755307,0.046677400786504786,-0.15425112959752618,-0.7034112552088903
313,-0.04682802533335877,0.04326757302031314,2.2656859768398645,0.045070276079991894,-0.1554588387850825,-0.703596764510491
314,-0.04664558350542833,0.04309900270252277,2.26427082471242,0.043462514083524334,-0.15666494998191016,-0.7037844242703075
315,-0.04646306931758633,0.04293036552652656,2.2628548503430186,0.04185411441795872,-0.1578694493724127,-0.7039742486326157
316,-0.0462804827267754,0.04276166145254088,2.2614380553695796,0.04024507670385341,-0.15907232307186608,-0.7041662518110785
317,-0.04609782368990371,0.0425928904407503,2.260020441418225,0.03863540056146336,-0.16027355712675023,-0.7043604480884174
318,-0.04591509216384522,0.04242405245130775,2.25860201010337,0.037025085610741804,-0.16147313751509285,-0.7045568518160674
319,-0.04573228810543993,0.0422551474443348,2.2571827630278296,0.035414131471342813,-0.1626710501468318,-0.7047554774138135
320,-0.04554941147149361,0.04208617537992139,2.255762701782913,0.033802537762618934,-0.1638672808641994,-0.7049563393694066
321,-0.045366462218777256,0.0419171362181253,2.2543418279485095,0.03219030410361584,-0.16506181544212892,-0.7051594522381637
322,-0.04518344030402812,0.04174802991897319,2.252920143093201,0.03057743011308242,-0.16625463958866774,-0.7053648306425442
323,-0.045000345683948346,0.041578856442459226,2.251497648774336,0.028963915409457808,-0.1674457389454289,-0.705572489271711
324,-0.0448171783152067,0.04140961574854677,2.2500743465381414,0.02734975961088701,-0.16863509908804014,-0.7057824428810664
325,-0.04463393815443633,0.041240307797166254,2.2486502379197955,0.025734962335201284,-0.1698227055266405,-0.7059947062917744
326,-0.04445062515823709,0.04107093254821736,2.247225324443533,0.024119523199938375,-0.17100854370636767,-0.7062092943902543
327,-0.04426723928317329,0.04090148996156691,2.2457996076227245,0.02250344182232286,-0.1721925990078957,-0.7064262221276603
328,-0.044083780485775444,0.04073197999705052,2.2443730889599736,0.02088671781928142,-0.17337485674796857,-0.7066455045193354
329,-0.04390024872253888,0.04056240261447129,2.2429457699471946,0.019269350807430724,-0.17455530217997525,-0.7068671566442462
330,-0.04371664394992492,0.04039275777360089,2.24151765206571,0.01765134040308794,-0.17573392049453046,-0.7070911936443927
331,-0.04353296612435964,0.04022304543417844,2.240088736786325,0.016032686222259118,-0.17691069682009372,-0.7073176307242007
332,-0.04334921520223503,0.04005326555591155,2.238659025569423,0.014413387880650441,-0.17808561622359392,-0.7075464831498861
333,-0.043165391139907625,0.03988341809847508,2.2372285198650417,0.012793444993655423,-0.1792586637110948,-0.7077777662488006
334,-0.042981493893700234,0.039713503021512726,2.2357972211129606,0.011172857176370454,-0.1804298242284626,-0.7080114954087519
335,-0.04279752341989986,0.0395435202846351,2.2343651307427774,0.00955162404357629,-0.18159908266208227,-0.7082476860773018
336,-0.04261347967475913,0.03937346984742105,2.232932250173997,0.00792974520975076,-0.1827664238395741,-0.7084863537610397
337,-0.04242936261449625,0.039203351669417616,2.2314985808161074,0.006307220289068355,-0.18393183253054454,-0.7087275140248318
338,-0.042245172195293806,0.039033165710138935,2.2300641240686576,0.004684048895389842,-0.18509529344736855,-0.7089711824910477
339,-0.04206090837329961,0.03886291192906702,2.2286288813213373,0.0030602306422692627,-0.1862567912459835,-0.7092173748387609
340,-0.04187657110462694,0.03869259028565196,2.227192853954061,0.0014357651429565688,-0.1874163105267113,-0.7094661068029232
341,-0.04169216034535352,0.038522200739310994,2.225756043337033,-0.00018934798961170451,-0.1885738358351148,-0.7097173941735175
342,-0.04150767605152262,0.03835174324942954,2.2243184508308356,-0.0018151091428027233,-0.18972935166286517,-0.7099712527946821
343,-0.041323118179141846,0.03818121777536006,2.222880077786496,-0.003441518704297847,-0.1908828424486501,-0.7102276985638106
344,-0.041138486684184176,0.03801062427642301,2.221440925545565,-0.005068577062083607,-0.19203429257909352,-0.710486747430625
345,-0.040953781522587274,0.03783996271190622,2.2200009954401905,-0.006696284604457675,-0.1931836863897126,-0.7107484153962241
346,-0.040769002650253815,0.03766923304106521,2.21856028879319,-0.008324641720026227,-0.19433100816589485,-0.7110127185121035
347,-0.040584150023050665,0.03749843522312238,2.21711880691812,-0.009953648797710823,-0.19547624214390913,-0.7112796728791508
348,-0.04039922359681048,0.03732756921726856,2.2156765511193557,-0.011583306226734591,-0.19661937251192793,-0.7115492946466115
349,-0.040214223327329615,0.037156634982660995,2.214233522692153,-0.013213614396640677,-0.19776038341110116,-0.7118216000110315
350,-0.040029149170369864,0.036985632478425054,2.2127897229227225,-0.014844573697276514,-0.1988992589366318,-0.7120966052151669
351,-0.03984400108165707,0.03681456166365282,2.2113451530882986,-0.016476184518806558,-0.20003598313889986,-0.7123743265468716
352,-0.0396587790168823,0.0366434224974043,2.2098998144572097,-0.018108447251701715,-0.20117054002459808,-0.7126547803379528
353,-0.039473482931700596,0.03647221493870619,2.2084537082889417,-0.019741362286750247,-0.20230291355791,-0.7129379829630017
354,-0.03928811278173203,0.03630093894655289,2.2070068358342114,-0.021374930015048615,-0.20343308766170282,-0.7132239508381933
355,-0.039102668522561,0.036129594479905804,2.20555919833503,-0.023009150828007946,-0.2045610462187592,-0.7135127004200594
356,-0.038917150109736565,0.03595818149769372,2.2041107970247658,-0.02464402511735031,-0.20568677307303065,-0.7138042482042333
357,-0.03873155749877161,0.035786699958812,2.2026616331282143,-0.026279553275116885,-0.20681025203092812,-0.7140986107241646
358,-0.038545890645144465,0.035615149822124055,2.201211707861663,-0.027915735693653243,-0.20793146686262517,-0.714395804549805
359,-0.038360149504296816,0.035443531046459455,2.1997610224329507,-0.02955257276562792,-0.20905040130341376,-0.7146958462862671
360,-0.03817433403163542,0.03527184359061549,2.198309578041536,-0.031190064884017293,-0.21016703905506526,-0.7149987525724516
361,-0.03798844418253072,0.03510008741335591,2.1968573758785555,-0.03282821244211767,-0.21128136378724008,-0.715304540079647
362,-0.03780247991231806,0.03492826247341201,2.195404417126889,-0.03446701583353476,-0.21239335913891103,-0.7156132255100977
363,-0.037616441176296374,0.03475636872948147,2.1939507029612204,-0.036106475452195,-0.21350300871983072,-0.7159248255955465
364,-0.03743032792972941,0.03458440614022946,2.192496234548098,-0.037746591692335116,-0.21461029611201435,-0.7162393570957426
365,-0.037244140127844334,0.03441237466428731,2.1910410130459925,-0.03938736494851394,-0.2157152048712666,-0.7165568367969246
366,-0.037057877725833306,0.034240274260254035,2.1895850396053635,-0.041028795615599065,-0.21681771852872153,-0.71687728151027
367,-0.03687154067885214,0.03406810488669509,2.188128315368711,-0.04267088408877817,-0.21791782059242923,-0.7172007080703173
368,-0.03668512894202041,0.033895866502142394,2.1866708414706366,-0.04431363076355849,-0.21901549454896327,-0.7175271333333588
369,-0.03649864247042212,0.03372355906509504,2.1852126190379018,-0.04595703603576039,-0.22011072386505473,-0.7178565741758002
370,-0.03631208121910529,0.03355118253401886,2.183753649189488,-0.0476011003015218,-0.2212034919892635,-0.7181890474924945
371,-0.036125445143081414,0.03337873686734594,2.182293933036646,-0.04924582395730223,-0.22229378235367828,-0.7185245701950442
372,-0.03593873419732648,0.033206222023475535,2.180833471682961,-0.05089120739987413,-0.2233815783756383,-0.7188631592100726
373,-0.035751948336779776,0.033033637960773035,2.1793722662244006,-0.05253725102633336,-0.22446686345949768,-0.7192048314774683
374,-0.035565087516345,0.03286098463757092,2.177910317749376,-0.05418395523408953,-0.22554962099840561,-0.7195496039485972
375,-0.03537815169088904,0.03268826201216766,2.1764476273387907,-0.055831320420876476,-0.22662983437612985,-0.7198974935844874
376,-0.035191140815243015,0.03251547004282867,2.1749841960661014,-0.05747934698474334,-0.22770748696889628,-0.7202485173539825
377,-0.03500405484420161,0.03234260868778571,2.1735200249973654,-0.05912803532406033,-0.22878256214726814,-0.7206026922318668
378,-0.03481689373252321,0.03216967790523701,2.172055115191298,-0.060777385837517545,-0.2298550432780495,-0.7209600351969613
379,-0.034629657434929816,0.03199667765334717,2.170589467699321,-0.06242739892412577,-0.23092491372621896,-0.7213205632301901
380,-0.03444234590610724,0.03182360789024733,2.169123083565621,-0.06407807498321452,-0.23199215685689104,-0.7216842933126183
381,-0.03425495910070437,0.03165046857403457,2.16765596382719,-0.06572941441443887,-0.23305675603731119,-0.7220512424234617
382,-0.03406749697333414,0.03147725966277269,2.1661881095138904,-0.0673814176177708,-0.23411869463886975,-0.7224214275380664
383,-0.03387995947857295,0.03130398111449178,2.1647195216484945,-0.06903408499350396,-0.23517795603915292,-0.7227948656258609
384,-0.03369234657096025,0.03113063288718775,2.163250201246739,-0.070687416942258,-0.23623452362402098,-0.7231715736482832
385,-0.03350465820499948,0.030957214938823276,2.161780149317376,-0.07234141386496949,-0.23728838078970615,-0.723551568556673
386,-0.033316894335156916,0.03078372722732666,2.1603093668622173,-0.0739960761629029,-0.23833951094495023,-0.7239348672901456
387,-0.03312905491586261,0.03061016971059277,2.1588378548761877,-0.07565140423764166,-0.23938789751315726,-0.7243214867734297
388,-0.03294113990150967,0.0304365423464823,2.1573656143473725,-0.07730739849109493,-0.24043352393458242,-0.7247114439146859
389,-0.032753149246455185,0.030262845092822708,2.1558926462570644,-0.07896405932548906,-0.24147637366853814,-0.7251047556032921
390,-0.032565082905018056,0.030089077907406128,2.1544189515798067,-0.08062138714338717,-0.2425164301956438,-0.7255014387076122
391,-0.032376940831481994,0.0299152407479922,2.1529445312834503,-0.08227938234766241,-0.2435536770200718,-0.7259015100727242
392,-0.032188722980092704,0.029741333572305434,2.151469386329189,-0.08393804534152287,-0.2445880976718518,-0.7263049865181403
393,-0.03200042930505977,0.02956735633803699,2.1499935176716134,-0.08559737652849483,-0.24561967570917329,-0.7267118848354888
394,-0.03181205976055529,0.02939330900284336,2.1485169262587527,-0.08725737631243517,-0.2466483947207308,-0.7271222217861786
395,-0.03162361430071501,0.029219191524347474,2.147039613032122,-0.08891804509752081,-0.247674238328079,-0.7275360140990369
396,-0.031435092879636944,0.02904500386013739,2.1455615789267615,-0.09057938328826143,-0.24869719018802536,-0.7279532784679265
397,-0.031246495451383166,0.028870745967767956,2.1440828248712926,-0.09224139128948332,-0.24971723399502735,-0.7283740315493337
398,-0.031057821969977625,0.028696417804758793,2.142603351787949,-0.09390406950634875,-0.250734353483635,-0.7287982899599446
399,-0.03086907238940795,0.028522019328595972,2.1411231605926266,-0.09556741834434003,-0.25174853243093215,-0.7292260702741884
400,-0.03068024666362389,0.028347550496730548,2.139642252194925,-0.09723143820927344,-0.2527597546590182,-0.7296573890217684
401,-0.030491344746539077,0.028173011266580224,2.138160627498195,-0.09889612950728337,-0.25376800403749117,-0.7300922626851649
402,-0.0303023665920289,0.02799840159552736,2.1366782873995716,-0.10056149264484122,-0.2547732644859727,-0.7305307076971268
403,-0.03011331215393226,0.027823721440920594,2.135195232790024,-0.10222752802874008,-0.25577551997663084,-0.7309727404381356
404,-0.029924181386050176,0.027648970760073572,2.133711464554394,-0.10389423606610677,-0.2567747545367378,-0.7314183772338582
405,-0.029734974242146966,0.02747414951026603,2.132226983571437,-0.10556161716439158,-0.2577709522512326,-0.7318676343525741
406,-0.029545690675948987,0.027299257648742626,2.1307417907138637,-0.1072296717313793,-0.2587640972653128,-0.7323205280025954
407,-0.029356330641145817,0.02712429513271403,2.129255886848381,-0.10889840017517884,-0.2597541737870305,-0.73277707432966
408,-0.029166894091388847,0.02694926191935564,2.12776927283573,-0.11056780290423561,-0.26074116608991615,-0.7332372894143191
409,-0.02897738098029307,0.026774157965809217,2.1262819495307284,-0.1122378803273159,-0.2617250585156018,-0.7337011892693008
410,-0.028787791261434912,0.026598983229180886,2.124793917782308,-0.11390863285352563,-0.26270583547647786,-0.7341687898368694
411,-0.028598124888353876,0.026423737666542654,2.123305178433553,-0.11558006089229639,-0.2636834814583429,-0.7346401069861629
412,-0.028408381814551714,0.026248421234931662,2.1218157323217426,-0.1172521648533922,-0.2646579810230791,-0.7351151565105242
413,-0.028218561993492743,0.026073033891350444,2.120325580278387,-0.11892494514690712,-0.26562931881133195,-0.7355939541248184
414,-0.02802866537860315,0.02589757559276631,2.1188347231292606,-0.12059840218327121,-0.2665974795452071,-0.7360765154627429
415,-0.027838691923271902,0.025722046296112185,2.1173431616944476,-0.12227253637324245,-0.267562448030966,-0.7365628560741224
416,-0.027648641580850217,0.02554644595828611,2.115850896788378,-0.1239473481279116,-0.2685242091617397,-0.737052991422201
417,-0.02745851430465126,0.02537077453615097,2.1143579292198558,-0.1256228378587047,-0.2694827479202469,-0.7375469368809261
418,-0.02726831004795038,0.0251950319865347,2.112864259792109,-0.12729900597738097,-0.2704380493815169,-0.7380447077322226
419,-0.027078028763985396,0.02501921826623057,2.1113698893028157,-0.12897585289603047,-0.27139009871561715,-0.7385463191632649
420,-0.026887670405956077,0.024843333331996686,2.109874818544145,-0.13065337902707863,-0.2723388811903895,-0.7390517862637427
421,-0.026697234927024287,0.024667377140556133,2.108379048302792,-0.13233158478328472,-0.2732843821741861,-0.7395611240231259
422,-0.026506722280313914,0.024491349648596908,2.106882579360011,-0.1340104705777428,-0.2742265871386084,-0.7400743473279244
423,-0.026316132418911013,0.02431525081277205,2.1053854124916547,-0.13569003682388034,-0.2751654816612472,-0.7405914709589485
424,-0.026125465295863147,0.024139080589699036,2.103887548468203,-0.13737028393546397,-0.27610105142842545,-0.7411125095885704
425,-0.025934720864180402,0.023962838935960712,2.1023889880548046,-0.13905121232659057,-0.27703328223793194,-0.7416374777779817
426,-0.025743899076834154,0.02378652580810416,2.1008897320113045,-0.14073282241169827,-0.2779621600017649,-0.7421663899744615
427,-0.025552999886758233,0.023610141162641762,2.0993897810922832,-0.1424151146055559,-0.2788876707488585,-0.7426992605086393
428,-0.025362023246847658,0.023433684956050055,2.0978891360470877,-0.14409808932327445,-0.2798098006278184,-0.7432361035917696
429,-0.02517096910995984,0.02325715714477082,2.096387797619865,-0.1457817469802962,-0.2807285359096384,-0.7437769333130063
430,-0.024979837428913163,0.02308055768520977,2.094885766549593,-0.14746608799240757,-0.2816438629904233,-0.74432176363669
431,-0.024788628156488607,0.02290388653373807,2.09338304357012,-0.14915111277572438,-0.28255576839408847,-0.7448706083996369
432,-0.024597341245428346,0.022727143646691022,2.0918796294101916,-0.15083682174670449,-0.2834642387750651,-0.7454234813084435
433,-0.024405976648435884,0.022550328980368208,2.090375524793481,-0.15252321532214655,-0.28436926092098724,-0.7459803959367992
434,-0.024214534318176585,0.02237344249103396,2.0888707304386247,-0.1542102939191854,-0.2852708217553646,-0.746541365722809
435,-0.024023014207277968,0.022196484134917642,2.087365247059259,-0.15589805795528927,-0.2861689083402441,-0.7471064039663297
436,-0.02383141626832768,0.02201945386821179,2.0858590753640365,-0.15758650784827777,-0.2870635078788675,-0.747675523826328
437,-0.02363974045387605,0.02184235164707444,2.084352216056673,-0.15927564401629946,-0.28795460771829157,-0.7482487383182405
438,-0.02344798671643405,0.021665177427627278,2.0828446698359695,-0.1609654668778496,-0.28884219535201394,-0.7488260603113637
439,-0.023256155008474663,0.021487931165956885,2.081336437395846,-0.16265597685175842,-0.28972625842256367,-0.749407502526253
440,-0.023064245282431433,0.02131061281811341,2.079827519425368,-0.1643471743572035,-0.29060678472408574,-0.7499930775321489
441,-0.02287225749070028,0.02113322234011222,2.0783179166087855,-0.1660390598136941,-0.2914837622048906,-0.7505827977444146
442,-0.022680191585637163,0.02095575968793177,2.0768076296255487,-0.1677316336410916,-0.292357178969999,-0.751176675422007
443,-0.02248804751956049,0.02077822481751583,2.0752966591503528,-0.1694248962595883,-0.2932270232836439,-0.7517747226649589
444,-0.022295825244748782,0.020600617684771297,2.0737850058531553,-0.171118848089728,-0.29409328357176734,-0.7523769514118979
445,-0.022103524713442468,0.02042293824556988,2.0722726703992125,-0.17281348955239018,-0.2949559484244747,-0.7529833734375799
446,-0.021911145877842472,0.02024518645574679,2.0707596534491044,-0.1745088210688025,-0.29581500659847415,-0.7535940003504591
447,-0.021718688690111388,0.02006736227110181,2.0692459556587646,-0.17620484306053036,-0.2966704470194781,-0.7542088435902791
448,-0.021526153102372235,0.01988946564739818,2.067731577679509,-0.17790155594948792,-0.2975222587845847,-0.7548279144256996
449,-0.021333539066709616,0.019711496540363617,2.066216520158064,-0.17959896015792787,-0.29837043116461726,-0.7554512239519486
450,-0.021140846535168477,0.019533454905689224,2.064700783736592,-0.1812970561084523,-0.29921495360644335,-0.7560787830885127
451,-0.020948075459755126,0.01935534069903038,2.063184369052723,-0.182995844224004,-0.30005581573524986,-0.7567106025768551
452,-0.020755225792436438,0.01917715387600604,2.0616672767395787,-0.1846953249278731,-0.30089300735679053,-0.7573466929781721
453,-0.02056229748514086,0.018998894392199657,2.0601495074258054,-0.18639549864368848,-0.30172651845959175,-0.7579870646711826
454,-0.020369290489756123,0.01882056220315705,2.058631061735587,-0.18809636579543765,-0.30255633921713304,-0.7586317278499617
455,-0.020176204758132362,0.018642157264389322,2.057111940288691,-0.18979792680743962,-0.3033824599899681,-0.7592806925217989
456,-0.01998304024207921,0.01846367953137013,2.05559214370048,-0.1915001821043703,-0.30420487132783075,-0.7599339685051121
457,-0.019789796893367732,0.018285128959537506,2.0540716725819452,-0.19320313211124535,-0.3050235639716803,-0.7605915654273887
458,-0.019596474663728995,0.01810650550429253,2.052550527539729,-0.19490677725343297,-0.3058385288557188,-0.7612534927231789
459,-0.019403073504855272,0.01792780912100043,2.051028709176156,-0.19661111795664338,-0.30664975710935555,-0.7619197596321224
460,-0.01920959336839877,0.017749039764989424,2.0495062180892507,-0.1983161546469396,-0.30745724005913555,-0.7625903751970284
461,-0.01901603420597281,0.01757019739155178,2.047983054872772,-0.2000218877507276,-0.3082609692306154,-0.7632653482619927
462,-0.01882239596915027,0.017391281955942424,2.046459220116228,-0.20172831769476962,-0.30906093635020176,-0.7639446874705687
463,-0.01862867860946596,0.017212293413381086,2.0449347144049157,-0.20343544490616333,-0.30985713334692844,-0.7646284012639745
464,-0.01843488207841357,0.017033231719049524,2.0434095383199296,-0.20514326981236886,-0.310649552354206,-0.7653164978793654
465,-0.01824100632744789,0.01685409682809353,2.041883692438197,-0.20685179284118915,-0.31143818571150095,-0.7660089853481373
466,-0.018047051307984,0.01667488869562223,2.0403571773324995,-0.20856101442077699,-0.31222302596597773,-0.7667058714942927
467,-0.017853016971396806,0.016495607276707604,2.038829993571497,-0.21027093497963933,-0.3130040658740865,-0.7674071639328541
468,-0.01765890326902203,0.016316252526385456,2.037302141719751,-0.21198155494662826,-0.31378129840309454,-0.7681128700683268
469,-0.017464710152154974,0.016136824399654217,2.0357736223377496,-0.2136928747509523,-0.3145547167325726,-0.7688229970932218
470,-0.017270437572051687,0.015957322851476066,2.0342444359819334,-0.21540489482216554,-0.3153243142558177,-0.7695375519866225
471,-0.017076085479927706,0.01577774783677574,2.032714583204712,-0.21711761559017953,-0.3160900845812319,-0.7702565415128182
472,-0.016881653826959244,0.015598099310441656,2.0311840645544983,-0.218831037485252,-0.31685202153363423,-0.7709799722199805
473,-0.016687142564281766,0.015418377227324566,2.029652880575717,-0.22054516093799983,-0.31761011915552795,-0.7717078504389087
474,-0.016492551642991623,0.01523858154223909,2.0281210318088445,-0.22225998637938485,-0.31836437170829834,-0.7724401822818189
475,-0.0162978810141445,0.015058712209962273,2.026588518790417,-0.22397551424072687,-0.3191147736733646,-0.7731769736412034
476,-0.016103130628756283,0.014878769185234383,2.025055342053063,-0.22569174495369673,-0.3198613197532653,-0.7739182301887397
477,-0.01590830043780225,0.014698752422758173,2.023521502125517,-0.227408678950323,-0.32060400487268975,-0.7746639573742649
478,-0.0157133903922181,0.014518661877199824,2.02198699953265,-0.22912631666298297,-0.32134282417944354,-0.7754141604248015
479,-0.015518400442898697,0.014338497503187787,2.0204518347954865,-0.23084465852441396,-0.32207777304536295,-0.7761688443436539
480,-0.01532333054069925,0.014158259255313872,2.0189160084312316,-0.23256370496770265,-0.32280884706715807,-0.7769280139095556
481,-0.01512818063643404,0.013977947088132072,2.0173795209532823,-0.23428345642629642,-0.3235360420672053,-0.7776916736758857
482,-0.014932950680877612,0.01379756095615967,2.015842372871262,-0.2360039133339927,-0.3242593540942686,-0.7784598279699404
483,-0.014737640624763192,0.013617100813875767,2.0143045646910296,-0.2377250761249533,-0.3249787794241686,-0.7792324808922744
484,-0.014542250418785263,0.013436566615723669,2.0127660969147154,-0.23944694523368118,-0.32569431456037407,-0.7800096363160898
485,-0.014346780013595685,0.013255958316107298,2.0112269700407235,-0.24116952109505513,-0.32640595623455515,-0.7807912978867136
486,-0.014151229359807638,0.013075275869394838,2.009687184563772,-0.24289280414429465,-0.32711370140704366,-0.7815774690211066
487,-0.013955598407992514,0.012894519229915863,2.0081467409748956,-0.24461679481698761,-0.32781754726725676,-0.782368152907463
488,-0.013759887108681876,0.012713688351963145,2.0066056397614815,-0.24634149354907273,-0.32851749123403856,-0.7831633525048547
489,-0.013564095412366025,0.01253278318979133,2.00506388140728,-0.2480669007768525,-0.32921353095594996,-0.7839630705429518
490,-0.013368223269495196,0.01235180369761805,2.0035214663924297,-0.24979301693698247,-0.3299056643114858,-0.7847673095217969
491,-0.013172270630478275,0.012170749829622724,2.0019783951934738,-0.2515198424664824,-0.33059388940923656,-0.7855760717116524
492,-0.012976237445684009,0.011989621539947691,2.000434668283384,-0.25324737780272605,-0.33127820458797785,-0.7863893591529029
493,-0.012780123665439548,0.011808418782696851,1.9988902861315758,-0.2549756233834536,-0.3319586084167047,-0.7872071736560304
494,-0.012583929240032283,0.011627141511937366,1.9973452492039363,-0.25670457964675547,-0.33263509969459104,-0.7880295168016425
495,-0.012387654119707466,0.011445789681697472,1.9957995579628294,-0.25843424703109374,-0.33330767745090006,-0.7888563899405792
496,-0.01219129825467081,0.011264363245968865,1.9942532128671342,-0.2601646259752787,-0.33397634094481327,-0.7896877941940641
497,-0.011994861595085348,0.011082862158703804,1.9927062143722423,-0.2618957169184968,-0.33464108966521644,-0.7905237304539429
498,-0.011798344091074789,0.010901286373818223,1.9911585629300983,-0.26362752030028097,-0.3353019233303993,-0.7913641993829574
499,-0.011601745692720548,0.010719635845188967,1.9896102589892022,-0.2653600365605371,-0.33595884188771447,-0.7922092014151101
500,-0.011405066350063704,0.010537910526655623,1.988061302994639,-0.2670932661395262,-0.3366118455131566,-0.7930587367560693
